<application>
  <component name="Kafkalytic">
    <option name="clusters">
      <map>
        <entry key="139.224.220.77:9092">
          <value>
            <map>
              <entry key="bootstrap.servers" value="139.224.220.77:9092" />
              <entry key="name" value="139.224.220.77:9092" />
              <entry key="request.timeout.ms" value="5000" />
            </map>
          </value>
        </entry>
        <entry key="192.168.111.250:9092">
          <value>
            <map>
              <entry key="bootstrap.servers" value="192.168.111.250:9092" />
              <entry key="name" value="192.168.111.250:9092" />
              <entry key="request.timeout.ms" value="5000" />
            </map>
          </value>
        </entry>
      </map>
    </option>
    <option name="config">
      <map>
        <entry key="progress_tip" value="shown" />
      </map>
    </option>
  </component>
</application>